INSERT INTO mfm_countries (country_id,country_code,country_name) VALUES (1,'US','United States') ON CONFLICT DO NOTHING;

--INSERT INTO mfm_countries (country_id,country_code,country_name) VALUES (2,'CA','Canada') ON CONFLICT DO NOTHING;

--INSERT INTO mfm_states(state_id,state_code,state_name,country_id) VALUES ('1','AB','Alberta','2') ON CONFLICT DO NOTHING;
--INSERT INTO mfm_states(state_id,state_code,state_name,country_id) VALUES ('2','BC','British Columbia','2') ON CONFLICT DO NOTHING;
--INSERT INTO mfm_states(state_id,state_code,state_name,country_id) VALUES ('3','MB','Manitoba','2') ON CONFLICT DO NOTHING;
--INSERT INTO mfm_states(state_id,state_code,state_name,country_id) VALUES ('4','NB','New Brunswick','2') ON CONFLICT DO NOTHING;
--INSERT INTO mfm_states(state_id,state_code,state_name,country_id) VALUES ('5','NL','Newfoundland and Labrador','2') ON CONFLICT DO NOTHING;
--INSERT INTO mfm_states(state_id,state_code,state_name,country_id) VALUES ('6','NS','Nova Scotia','2') ON CONFLICT DO NOTHING;
--INSERT INTO mfm_states(state_id,state_code,state_name,country_id) VALUES ('7','NT','Northwest Territories','2') ON CONFLICT DO NOTHING;
--INSERT INTO mfm_states(state_id,state_code,state_name,country_id) VALUES ('8','NU','Nunavut','2') ON CONFLICT DO NOTHING;
--INSERT INTO mfm_states(state_id,state_code,state_name,country_id) VALUES ('9','ON','Ontario','2') ON CONFLICT DO NOTHING;
--INSERT INTO mfm_states(state_id,state_code,state_name,country_id) VALUES ('10','PE','Prince Edward Island','2') ON CONFLICT DO NOTHING;
--INSERT INTO mfm_states(state_id,state_code,state_name,country_id) VALUES ('11','QC','Quebec','2') ON CONFLICT DO NOTHING;
--INSERT INTO mfm_states(state_id,state_code,state_name,country_id) VALUES ('12','SK','Saskatchewan','2') ON CONFLICT DO NOTHING;
--INSERT INTO mfm_states(state_id,state_code,state_name,country_id) VALUES ('13','YT','Yukon','2') ON CONFLICT DO NOTHING;
INSERT INTO mfm_states(state_id,state_code,state_name,country_id) VALUES ('14','AL','Alabama','1') ON CONFLICT DO NOTHING;
INSERT INTO mfm_states(state_id,state_code,state_name,country_id) VALUES ('15','AK','Alaska','1') ON CONFLICT DO NOTHING;
INSERT INTO mfm_states(state_id,state_code,state_name,country_id) VALUES ('16','AZ','Arizona','1') ON CONFLICT DO NOTHING;
INSERT INTO mfm_states(state_id,state_code,state_name,country_id) VALUES ('17','AR','Arkansas','1') ON CONFLICT DO NOTHING;
INSERT INTO mfm_states(state_id,state_code,state_name,country_id) VALUES ('18','CA','California','1') ON CONFLICT DO NOTHING;
INSERT INTO mfm_states(state_id,state_code,state_name,country_id) VALUES ('19','CO','Colorado','1') ON CONFLICT DO NOTHING;
INSERT INTO mfm_states(state_id,state_code,state_name,country_id) VALUES ('20','CT','Connecticut','1') ON CONFLICT DO NOTHING;
INSERT INTO mfm_states(state_id,state_code,state_name,country_id) VALUES ('21','DE','Delaware','1') ON CONFLICT DO NOTHING;
INSERT INTO mfm_states(state_id,state_code,state_name,country_id) VALUES ('22','FL','Florida','1') ON CONFLICT DO NOTHING;
INSERT INTO mfm_states(state_id,state_code,state_name,country_id) VALUES ('23','GA','Georgia','1') ON CONFLICT DO NOTHING;
INSERT INTO mfm_states(state_id,state_code,state_name,country_id) VALUES ('24','HI','Hawaii','1') ON CONFLICT DO NOTHING;
INSERT INTO mfm_states(state_id,state_code,state_name,country_id) VALUES ('25','ID','Idaho','1') ON CONFLICT DO NOTHING;
INSERT INTO mfm_states(state_id,state_code,state_name,country_id) VALUES ('26','IL','Illinois','1') ON CONFLICT DO NOTHING;
INSERT INTO mfm_states(state_id,state_code,state_name,country_id) VALUES ('27','IN','Indiana','1') ON CONFLICT DO NOTHING;
INSERT INTO mfm_states(state_id,state_code,state_name,country_id) VALUES ('28','IA','Iowa','1') ON CONFLICT DO NOTHING;
INSERT INTO mfm_states(state_id,state_code,state_name,country_id) VALUES ('29','KS','Kansas','1') ON CONFLICT DO NOTHING;
INSERT INTO mfm_states(state_id,state_code,state_name,country_id) VALUES ('30','KY','Kentucky','1') ON CONFLICT DO NOTHING;
INSERT INTO mfm_states(state_id,state_code,state_name,country_id) VALUES ('31','LA','Louisiana','1') ON CONFLICT DO NOTHING;
INSERT INTO mfm_states(state_id,state_code,state_name,country_id) VALUES ('32','ME','Maine','1') ON CONFLICT DO NOTHING;
INSERT INTO mfm_states(state_id,state_code,state_name,country_id) VALUES ('33','MD','Maryland','1') ON CONFLICT DO NOTHING;
INSERT INTO mfm_states(state_id,state_code,state_name,country_id) VALUES ('34','MA','Massachusetts','1') ON CONFLICT DO NOTHING;
INSERT INTO mfm_states(state_id,state_code,state_name,country_id) VALUES ('35','MI','Michigan','1') ON CONFLICT DO NOTHING;
INSERT INTO mfm_states(state_id,state_code,state_name,country_id) VALUES ('36','MN','Minnesota','1') ON CONFLICT DO NOTHING;
INSERT INTO mfm_states(state_id,state_code,state_name,country_id) VALUES ('37','MS','Mississippi','1') ON CONFLICT DO NOTHING;
INSERT INTO mfm_states(state_id,state_code,state_name,country_id) VALUES ('38','MO','Missouri','1') ON CONFLICT DO NOTHING;
INSERT INTO mfm_states(state_id,state_code,state_name,country_id) VALUES ('39','MT','Montana','1') ON CONFLICT DO NOTHING;
INSERT INTO mfm_states(state_id,state_code,state_name,country_id) VALUES ('40','NE','Nebraska','1') ON CONFLICT DO NOTHING;
INSERT INTO mfm_states(state_id,state_code,state_name,country_id) VALUES ('41','NV','Nevada','1') ON CONFLICT DO NOTHING;
INSERT INTO mfm_states(state_id,state_code,state_name,country_id) VALUES ('42','NH','New Hampshire','1') ON CONFLICT DO NOTHING;
INSERT INTO mfm_states(state_id,state_code,state_name,country_id) VALUES ('43','NJ','New Jersey','1') ON CONFLICT DO NOTHING;
INSERT INTO mfm_states(state_id,state_code,state_name,country_id) VALUES ('44','NM','New Mexico','1') ON CONFLICT DO NOTHING;
INSERT INTO mfm_states(state_id,state_code,state_name,country_id) VALUES ('45','NY','New York','1') ON CONFLICT DO NOTHING;
INSERT INTO mfm_states(state_id,state_code,state_name,country_id) VALUES ('46','NC','North Carolina','1') ON CONFLICT DO NOTHING;
INSERT INTO mfm_states(state_id,state_code,state_name,country_id) VALUES ('47','ND','North Dakota','1') ON CONFLICT DO NOTHING;
INSERT INTO mfm_states(state_id,state_code,state_name,country_id) VALUES ('48','OH','Ohio','1') ON CONFLICT DO NOTHING;
INSERT INTO mfm_states(state_id,state_code,state_name,country_id) VALUES ('49','OK','Oklahoma','1') ON CONFLICT DO NOTHING;
INSERT INTO mfm_states(state_id,state_code,state_name,country_id) VALUES ('50','OR','Oregon','1') ON CONFLICT DO NOTHING;
INSERT INTO mfm_states(state_id,state_code,state_name,country_id) VALUES ('51','PA','Pennsylvania','1') ON CONFLICT DO NOTHING;
INSERT INTO mfm_states(state_id,state_code,state_name,country_id) VALUES ('52','RI','Rhode Island','1') ON CONFLICT DO NOTHING;
INSERT INTO mfm_states(state_id,state_code,state_name,country_id) VALUES ('53','SC','South Carolina','1') ON CONFLICT DO NOTHING;
INSERT INTO mfm_states(state_id,state_code,state_name,country_id) VALUES ('54','SD','South Dakota','1') ON CONFLICT DO NOTHING;
INSERT INTO mfm_states(state_id,state_code,state_name,country_id) VALUES ('55','TN','Tennessee','1') ON CONFLICT DO NOTHING;
INSERT INTO mfm_states(state_id,state_code,state_name,country_id) VALUES ('56','TX','Texas','1') ON CONFLICT DO NOTHING;
INSERT INTO mfm_states(state_id,state_code,state_name,country_id) VALUES ('57','UT','Utah','1') ON CONFLICT DO NOTHING;
INSERT INTO mfm_states(state_id,state_code,state_name,country_id) VALUES ('58','VT','Vermont','1') ON CONFLICT DO NOTHING;
INSERT INTO mfm_states(state_id,state_code,state_name,country_id) VALUES ('59','VI','Virgin Islands','1') ON CONFLICT DO NOTHING;
INSERT INTO mfm_states(state_id,state_code,state_name,country_id) VALUES ('60','VA','Virginia','1') ON CONFLICT DO NOTHING;
INSERT INTO mfm_states(state_id,state_code,state_name,country_id) VALUES ('61','WA','Washington','1') ON CONFLICT DO NOTHING;
INSERT INTO mfm_states(state_id,state_code,state_name,country_id) VALUES ('62','WV','West Virginia','1') ON CONFLICT DO NOTHING;
INSERT INTO mfm_states(state_id,state_code,state_name,country_id) VALUES ('63','WI','Wisconsin','1') ON CONFLICT DO NOTHING;
INSERT INTO mfm_states(state_id,state_code,state_name,country_id) VALUES ('64','WY','Wyoming','1') ON CONFLICT DO NOTHING;

INSERT INTO money_flow_income_types(type_id,name,created_by,creation_date,last_modified_by,last_modified_date,is_custom) VALUES ('1','Commission','MONEY_FLOW_MANAGER',current_timestamp,'MONEY_FLOW_MANAGER',current_timestamp,false) ON CONFLICT DO NOTHING;
INSERT INTO money_flow_income_types(type_id,name,created_by,creation_date,last_modified_by,last_modified_date,is_custom) VALUES ('2','Salary','MONEY_FLOW_MANAGER',current_timestamp,'MONEY_FLOW_MANAGER',current_timestamp,false) ON CONFLICT DO NOTHING;
INSERT INTO money_flow_income_types(type_id,name,created_by,creation_date,last_modified_by,last_modified_date,is_custom) VALUES ('3','Interest','MONEY_FLOW_MANAGER',current_timestamp,'MONEY_FLOW_MANAGER',current_timestamp,false) ON CONFLICT DO NOTHING;
INSERT INTO money_flow_income_types(type_id,name,created_by,creation_date,last_modified_by,last_modified_date,is_custom) VALUES ('4','Other','MONEY_FLOW_MANAGER',current_timestamp,'MONEY_FLOW_MANAGER',current_timestamp,false) ON CONFLICT DO NOTHING;

INSERT INTO money_flow_expense_types(type_id,name,created_by,creation_date,last_modified_by,last_modified_date,is_custom) VALUES('1','Advertising','MONEY_FLOW_MANAGER',current_timestamp,'MONEY_FLOW_MANAGER',current_timestamp,false) ON CONFLICT DO NOTHING;
INSERT INTO money_flow_expense_types(type_id,name,created_by,creation_date,last_modified_by,last_modified_date,is_custom) VALUES('2','Charitable Contributions','MONEY_FLOW_MANAGER',current_timestamp,'MONEY_FLOW_MANAGER',current_timestamp,false) ON CONFLICT DO NOTHING;
INSERT INTO money_flow_expense_types(type_id,name,created_by,creation_date,last_modified_by,last_modified_date,is_custom) VALUES('3','Commissions','MONEY_FLOW_MANAGER',current_timestamp,'MONEY_FLOW_MANAGER',current_timestamp,false) ON CONFLICT DO NOTHING;
INSERT INTO money_flow_expense_types(type_id,name,created_by,creation_date,last_modified_by,last_modified_date,is_custom) VALUES('4','Communications','MONEY_FLOW_MANAGER',current_timestamp,'MONEY_FLOW_MANAGER',current_timestamp,false) ON CONFLICT DO NOTHING;
INSERT INTO money_flow_expense_types(type_id,name,created_by,creation_date,last_modified_by,last_modified_date,is_custom) VALUES('5','Computer','MONEY_FLOW_MANAGER',current_timestamp,'MONEY_FLOW_MANAGER',current_timestamp,false) ON CONFLICT DO NOTHING;
INSERT INTO money_flow_expense_types(type_id,name,created_by,creation_date,last_modified_by,last_modified_date,is_custom) VALUES('6','Dues & Subscriptions','MONEY_FLOW_MANAGER',current_timestamp,'MONEY_FLOW_MANAGER',current_timestamp,false) ON CONFLICT DO NOTHING;
INSERT INTO money_flow_expense_types(type_id,name,created_by,creation_date,last_modified_by,last_modified_date,is_custom) VALUES('7','Equipment','MONEY_FLOW_MANAGER',current_timestamp,'MONEY_FLOW_MANAGER',current_timestamp,false) ON CONFLICT DO NOTHING;
INSERT INTO money_flow_expense_types(type_id,name,created_by,creation_date,last_modified_by,last_modified_date,is_custom) VALUES('8','Equipment Maintenance/Repairs','MONEY_FLOW_MANAGER',current_timestamp,'MONEY_FLOW_MANAGER',current_timestamp,false) ON CONFLICT DO NOTHING;
INSERT INTO money_flow_expense_types(type_id,name,created_by,creation_date,last_modified_by,last_modified_date,is_custom) VALUES('9','Facilities','MONEY_FLOW_MANAGER',current_timestamp,'MONEY_FLOW_MANAGER',current_timestamp,false) ON CONFLICT DO NOTHING;
INSERT INTO money_flow_expense_types(type_id,name,created_by,creation_date,last_modified_by,last_modified_date,is_custom) VALUES('10','Fees','MONEY_FLOW_MANAGER',current_timestamp,'MONEY_FLOW_MANAGER',current_timestamp,false) ON CONFLICT DO NOTHING;
INSERT INTO money_flow_expense_types(type_id,name,created_by,creation_date,last_modified_by,last_modified_date,is_custom) VALUES('11','Home Office: Equip/Furniture','MONEY_FLOW_MANAGER',current_timestamp,'MONEY_FLOW_MANAGER',current_timestamp,false) ON CONFLICT DO NOTHING;
INSERT INTO money_flow_expense_types(type_id,name,created_by,creation_date,last_modified_by,last_modified_date,is_custom) VALUES('12','Home Office: Other','MONEY_FLOW_MANAGER',current_timestamp,'MONEY_FLOW_MANAGER',current_timestamp,false) ON CONFLICT DO NOTHING;
INSERT INTO money_flow_expense_types(type_id,name,created_by,creation_date,last_modified_by,last_modified_date,is_custom) VALUES('13','Home Office: Repairs','MONEY_FLOW_MANAGER',current_timestamp,'MONEY_FLOW_MANAGER',current_timestamp,false) ON CONFLICT DO NOTHING;
INSERT INTO money_flow_expense_types(type_id,name,created_by,creation_date,last_modified_by,last_modified_date,is_custom) VALUES('14','Home Office: Rent','MONEY_FLOW_MANAGER',current_timestamp,'MONEY_FLOW_MANAGER',current_timestamp,false) ON CONFLICT DO NOTHING;
INSERT INTO money_flow_expense_types(type_id,name,created_by,creation_date,last_modified_by,last_modified_date,is_custom) VALUES('15','Home Office: Utilities','MONEY_FLOW_MANAGER',current_timestamp,'MONEY_FLOW_MANAGER',current_timestamp,false) ON CONFLICT DO NOTHING;
INSERT INTO money_flow_expense_types(type_id,name,created_by,creation_date,last_modified_by,last_modified_date,is_custom) VALUES('16','Insurance','MONEY_FLOW_MANAGER',current_timestamp,'MONEY_FLOW_MANAGER',current_timestamp,false) ON CONFLICT DO NOTHING;
INSERT INTO money_flow_expense_types(type_id,name,created_by,creation_date,last_modified_by,last_modified_date,is_custom) VALUES('17','Interest: Credit Card','MONEY_FLOW_MANAGER',current_timestamp,'MONEY_FLOW_MANAGER',current_timestamp,false) ON CONFLICT DO NOTHING;
INSERT INTO money_flow_expense_types(type_id,name,created_by,creation_date,last_modified_by,last_modified_date,is_custom) VALUES('18','Interest: Loan','MONEY_FLOW_MANAGER',current_timestamp,'MONEY_FLOW_MANAGER',current_timestamp,false) ON CONFLICT DO NOTHING;
INSERT INTO money_flow_expense_types(type_id,name,created_by,creation_date,last_modified_by,last_modified_date,is_custom) VALUES('19','Internet','MONEY_FLOW_MANAGER',current_timestamp,'MONEY_FLOW_MANAGER',current_timestamp,false) ON CONFLICT DO NOTHING;
INSERT INTO money_flow_expense_types(type_id,name,created_by,creation_date,last_modified_by,last_modified_date,is_custom) VALUES('20','Legal & Professional','MONEY_FLOW_MANAGER',current_timestamp,'MONEY_FLOW_MANAGER',current_timestamp,false) ON CONFLICT DO NOTHING;
INSERT INTO money_flow_expense_types(type_id,name,created_by,creation_date,last_modified_by,last_modified_date,is_custom) VALUES('21','Licenses','MONEY_FLOW_MANAGER',current_timestamp,'MONEY_FLOW_MANAGER',current_timestamp,false) ON CONFLICT DO NOTHING;
INSERT INTO money_flow_expense_types(type_id,name,created_by,creation_date,last_modified_by,last_modified_date,is_custom) VALUES('22','Meals & Entertainment','MONEY_FLOW_MANAGER',current_timestamp,'MONEY_FLOW_MANAGER',current_timestamp,false) ON CONFLICT DO NOTHING;
INSERT INTO money_flow_expense_types(type_id,name,created_by,creation_date,last_modified_by,last_modified_date,is_custom) VALUES('23','Medical/Vision','MONEY_FLOW_MANAGER',current_timestamp,'MONEY_FLOW_MANAGER',current_timestamp,false) ON CONFLICT DO NOTHING;
INSERT INTO money_flow_expense_types(type_id,name,created_by,creation_date,last_modified_by,last_modified_date,is_custom) VALUES('24','Meetings & Seminars','MONEY_FLOW_MANAGER',current_timestamp,'MONEY_FLOW_MANAGER',current_timestamp,false) ON CONFLICT DO NOTHING;
INSERT INTO money_flow_expense_types(type_id,name,created_by,creation_date,last_modified_by,last_modified_date,is_custom) VALUES('25','Monthly Renewal Fees/Auto Ship','MONEY_FLOW_MANAGER',current_timestamp,'MONEY_FLOW_MANAGER',current_timestamp,false) ON CONFLICT DO NOTHING;
INSERT INTO money_flow_expense_types(type_id,name,created_by,creation_date,last_modified_by,last_modified_date,is_custom) VALUES('26','Other','MONEY_FLOW_MANAGER',current_timestamp,'MONEY_FLOW_MANAGER',current_timestamp,false) ON CONFLICT DO NOTHING;
INSERT INTO money_flow_expense_types(type_id,name,created_by,creation_date,last_modified_by,last_modified_date,is_custom) VALUES('27','Payroll','MONEY_FLOW_MANAGER',current_timestamp,'MONEY_FLOW_MANAGER',current_timestamp,false) ON CONFLICT DO NOTHING;
INSERT INTO money_flow_expense_types(type_id,name,created_by,creation_date,last_modified_by,last_modified_date,is_custom) VALUES('28','Postage/Shipping Cost','MONEY_FLOW_MANAGER',current_timestamp,'MONEY_FLOW_MANAGER',current_timestamp,false) ON CONFLICT DO NOTHING;
INSERT INTO money_flow_expense_types(type_id,name,created_by,creation_date,last_modified_by,last_modified_date,is_custom) VALUES('29','Printing','MONEY_FLOW_MANAGER',current_timestamp,'MONEY_FLOW_MANAGER',current_timestamp,false) ON CONFLICT DO NOTHING;
INSERT INTO money_flow_expense_types(type_id,name,created_by,creation_date,last_modified_by,last_modified_date,is_custom) VALUES('30','Product Samples','MONEY_FLOW_MANAGER',current_timestamp,'MONEY_FLOW_MANAGER',current_timestamp,false) ON CONFLICT DO NOTHING;
INSERT INTO money_flow_expense_types(type_id,name,created_by,creation_date,last_modified_by,last_modified_date,is_custom) VALUES('31','Sales Tax','MONEY_FLOW_MANAGER',current_timestamp,'MONEY_FLOW_MANAGER',current_timestamp,false) ON CONFLICT DO NOTHING;
INSERT INTO money_flow_expense_types(type_id,name,created_by,creation_date,last_modified_by,last_modified_date,is_custom) VALUES('32','State Taxes','MONEY_FLOW_MANAGER',current_timestamp,'MONEY_FLOW_MANAGER',current_timestamp,false) ON CONFLICT DO NOTHING;
INSERT INTO money_flow_expense_types(type_id,name,created_by,creation_date,last_modified_by,last_modified_date,is_custom) VALUES('33','Supplies','MONEY_FLOW_MANAGER',current_timestamp,'MONEY_FLOW_MANAGER',current_timestamp,false) ON CONFLICT DO NOTHING;
INSERT INTO money_flow_expense_types(type_id,name,created_by,creation_date,last_modified_by,last_modified_date,is_custom) VALUES('34','Transportation: Gas & Oil','MONEY_FLOW_MANAGER',current_timestamp,'MONEY_FLOW_MANAGER',current_timestamp,false) ON CONFLICT DO NOTHING;
INSERT INTO money_flow_expense_types(type_id,name,created_by,creation_date,last_modified_by,last_modified_date,is_custom) VALUES('35','Transportation: Insurance','MONEY_FLOW_MANAGER',current_timestamp,'MONEY_FLOW_MANAGER',current_timestamp,false) ON CONFLICT DO NOTHING;
INSERT INTO money_flow_expense_types(type_id,name,created_by,creation_date,last_modified_by,last_modified_date,is_custom) VALUES('36','Transportation: Mileage','MONEY_FLOW_MANAGER',current_timestamp,'MONEY_FLOW_MANAGER',current_timestamp,false) ON CONFLICT DO NOTHING;
INSERT INTO money_flow_expense_types(type_id,name,created_by,creation_date,last_modified_by,last_modified_date,is_custom) VALUES('37','Transportation: Other','MONEY_FLOW_MANAGER',current_timestamp,'MONEY_FLOW_MANAGER',current_timestamp,false) ON CONFLICT DO NOTHING;
INSERT INTO money_flow_expense_types(type_id,name,created_by,creation_date,last_modified_by,last_modified_date,is_custom) VALUES('38','Transportation: Parking, Tolls','MONEY_FLOW_MANAGER',current_timestamp,'MONEY_FLOW_MANAGER',current_timestamp,false) ON CONFLICT DO NOTHING;
INSERT INTO money_flow_expense_types(type_id,name,created_by,creation_date,last_modified_by,last_modified_date,is_custom) VALUES('39','Transportation: Repairs','MONEY_FLOW_MANAGER',current_timestamp,'MONEY_FLOW_MANAGER',current_timestamp,false) ON CONFLICT DO NOTHING;
INSERT INTO money_flow_expense_types(type_id,name,created_by,creation_date,last_modified_by,last_modified_date,is_custom) VALUES('40','Transportation: Tires','MONEY_FLOW_MANAGER',current_timestamp,'MONEY_FLOW_MANAGER',current_timestamp,false) ON CONFLICT DO NOTHING;
INSERT INTO money_flow_expense_types(type_id,name,created_by,creation_date,last_modified_by,last_modified_date,is_custom) VALUES('41','Travel: Airfare','MONEY_FLOW_MANAGER',current_timestamp,'MONEY_FLOW_MANAGER',current_timestamp,false) ON CONFLICT DO NOTHING;
INSERT INTO money_flow_expense_types(type_id,name,created_by,creation_date,last_modified_by,last_modified_date,is_custom) VALUES('42','Travel: Lodging','MONEY_FLOW_MANAGER',current_timestamp,'MONEY_FLOW_MANAGER',current_timestamp,false) ON CONFLICT DO NOTHING;
INSERT INTO money_flow_expense_types(type_id,name,created_by,creation_date,last_modified_by,last_modified_date,is_custom) VALUES('43','Travel: Meal & Entertainment','MONEY_FLOW_MANAGER',current_timestamp,'MONEY_FLOW_MANAGER',current_timestamp,false) ON CONFLICT DO NOTHING;
INSERT INTO money_flow_expense_types(type_id,name,created_by,creation_date,last_modified_by,last_modified_date,is_custom) VALUES('44','Travel: Other','MONEY_FLOW_MANAGER',current_timestamp,'MONEY_FLOW_MANAGER',current_timestamp,false) ON CONFLICT DO NOTHING;
INSERT INTO money_flow_expense_types(type_id,name,created_by,creation_date,last_modified_by,last_modified_date,is_custom) VALUES('45','Travel: Parking/Tolls','MONEY_FLOW_MANAGER',current_timestamp,'MONEY_FLOW_MANAGER',current_timestamp,false) ON CONFLICT DO NOTHING;
INSERT INTO money_flow_expense_types(type_id,name,created_by,creation_date,last_modified_by,last_modified_date,is_custom) VALUES('46','Travel: Public Transportation/Uber/Lift','MONEY_FLOW_MANAGER',current_timestamp,'MONEY_FLOW_MANAGER',current_timestamp,false) ON CONFLICT DO NOTHING;
INSERT INTO money_flow_expense_types(type_id,name,created_by,creation_date,last_modified_by,last_modified_date,is_custom) VALUES('47','Travel: Rental Car/Mileage','MONEY_FLOW_MANAGER',current_timestamp,'MONEY_FLOW_MANAGER',current_timestamp,false) ON CONFLICT DO NOTHING;
INSERT INTO money_flow_expense_types(type_id,name,created_by,creation_date,last_modified_by,last_modified_date,is_custom) VALUES('48','Travel: Tips','MONEY_FLOW_MANAGER',current_timestamp,'MONEY_FLOW_MANAGER',current_timestamp,false) ON CONFLICT DO NOTHING;
INSERT INTO money_flow_expense_types(type_id,name,created_by,creation_date,last_modified_by,last_modified_date,is_custom) VALUES('49','Utilities','MONEY_FLOW_MANAGER',current_timestamp,'MONEY_FLOW_MANAGER',current_timestamp,false) ON CONFLICT DO NOTHING;
INSERT INTO money_flow_expense_types(type_id,name,created_by,creation_date,last_modified_by,last_modified_date,is_custom) VALUES('50','Wages','MONEY_FLOW_MANAGER',current_timestamp,'MONEY_FLOW_MANAGER',current_timestamp,false) ON CONFLICT DO NOTHING;
INSERT INTO money_flow_expense_types(type_id,name,created_by,creation_date,last_modified_by,last_modified_date,is_custom) VALUES('51','Websites','MONEY_FLOW_MANAGER',current_timestamp,'MONEY_FLOW_MANAGER',current_timestamp,false) ON CONFLICT DO NOTHING;
INSERT INTO money_flow_expense_types(type_id,name,created_by,creation_date,last_modified_by,last_modified_date,is_custom) VALUES('52','Custom','MONEY_FLOW_MANAGER',current_timestamp,'MONEY_FLOW_MANAGER',current_timestamp,false) ON CONFLICT DO NOTHING;
INSERT INTO money_flow_expense_types(type_id,name,created_by,creation_date,last_modified_by,last_modified_date,is_custom) VALUES('53','gardening','MONEY_FLOW_MANAGER',current_timestamp,'MONEY_FLOW_MANAGER',current_timestamp,false) ON CONFLICT DO NOTHING;


insert into mfm_user_status VALUES ('1','1','ACTIVE') ON CONFLICT DO  NOTHING;
insert into mfm_user_status VALUES ('2','2','INACTIVE') ON CONFLICT DO  NOTHING;
insert into mfm_user_status VALUES ('3','3','ARCHIVED') ON CONFLICT DO  NOTHING;
insert into mfm_user_status VALUES ('4','4','ACTIVATION PENDING') ON CONFLICT DO  NOTHING;
insert into mfm_user_status VALUES ('5','5','SUBSCRIPTION PENDING') ON CONFLICT DO  NOTHING;
insert into mfm_user_status VALUES ('6','6','SUBSCRIPTION EXPIRED') ON CONFLICT DO  NOTHING;
insert into mfm_user_status VALUES ('7','7','SUBSCRIPTION CANCELLED') ON CONFLICT DO  NOTHING;



insert into mfm_user_roles VALUES ('1','1','ROLE_PROSPECT') ON CONFLICT DO  NOTHING;
insert into mfm_user_roles VALUES ('2','2','ROLE_CUSTOMER_REP') ON CONFLICT DO  NOTHING;
insert into mfm_user_roles VALUES ('3','3','ROLE_CUSTOMER') ON CONFLICT DO  NOTHING;
insert into mfm_user_roles VALUES ('4','4','ROLE_ADMIN') ON CONFLICT DO  NOTHING;
insert into mfm_user_roles VALUES ('5','5','ROLE_SUPER_ADMIN') ON CONFLICT DO  NOTHING;

INSERT INTO mfm_user_reference_type VALUES ('1','REFERRER','1') ON CONFLICT DO  NOTHING;
INSERT INTO mfm_user_reference_type VALUES ('2','CUSTOMER','2') ON CONFLICT DO  NOTHING;
INSERT INTO mfm_user_reference_type VALUES ('3','TEST_REFERRER','3') ON CONFLICT DO  NOTHING;
INSERT INTO mfm_user_reference_type VALUES ('4','TEST_CUSTOMER','4') ON CONFLICT DO  NOTHING;
INSERT INTO mfm_user_reference_type VALUES ('5','PROSPECT','5') ON CONFLICT DO  NOTHING;
INSERT INTO mfm_user_reference_type VALUES ('6','P2P DISTRIBUTOR','6') ON CONFLICT DO  NOTHING;
INSERT INTO mfm_user_reference_type VALUES ('7','ADMIN','7') ON CONFLICT DO  NOTHING;


insert into money_flow_vehicle_makes(id,name) VALUES ('1','Seat');
insert into money_flow_vehicle_makes(id,name) VALUES ('2','Renault');
insert into money_flow_vehicle_makes(id,name) VALUES ('3','Peugeot');
insert into money_flow_vehicle_makes(id,name) VALUES ('4','Dacia');
insert into money_flow_vehicle_makes(id,name) VALUES ('5','Opel');
insert into money_flow_vehicle_makes(id,name) VALUES ('6','Alfa Romeo');
insert into money_flow_vehicle_makes(id,name) VALUES ('7','Å koda');
insert into money_flow_vehicle_makes(id,name) VALUES ('8','Peugeot');
insert into money_flow_vehicle_makes(id,name) VALUES ('9','Dacia');
insert into money_flow_vehicle_makes(id,name) VALUES ('10','Opel');
insert into money_flow_vehicle_makes(id,name) VALUES ('11','Alfa Romeo');
insert into money_flow_vehicle_makes(id,name) VALUES ('12','Å koda');
insert into money_flow_vehicle_makes(id,name) VALUES ('13','Chevrolet');
insert into money_flow_vehicle_makes(id,name) VALUES ('14','Porsche');
insert into money_flow_vehicle_makes(id,name) VALUES ('15','Honda');
insert into money_flow_vehicle_makes(id,name) VALUES ('16','Subaru');
insert into money_flow_vehicle_makes(id,name) VALUES ('17','Mazda');
insert into money_flow_vehicle_makes(id,name) VALUES ('18','Mitsubishi');
insert into money_flow_vehicle_makes(id,name) VALUES ('19','Lexus');
insert into money_flow_vehicle_makes(id,name) VALUES ('20','Toyota');
insert into money_flow_vehicle_makes(id,name) VALUES ('21','BMW');
insert into money_flow_vehicle_makes(id,name) VALUES ('22','Volkswagen');
insert into money_flow_vehicle_makes(id,name) VALUES ('23','Suzuki');
insert into money_flow_vehicle_makes(id,name) VALUES ('24','Mercedes-Benz');
insert into money_flow_vehicle_makes(id,name) VALUES ('25','Saab');
insert into money_flow_vehicle_makes(id,name) VALUES ('26','Audi');
insert into money_flow_vehicle_makes(id,name) VALUES ('27','Kia');
insert into money_flow_vehicle_makes(id,name) VALUES ('28','Land Rover');
insert into money_flow_vehicle_makes(id,name) VALUES ('29','Dodge');
insert into money_flow_vehicle_makes(id,name) VALUES ('30','Chrysler');
insert into money_flow_vehicle_makes(id,name) VALUES ('31','Ford');
insert into money_flow_vehicle_makes(id,name) VALUES ('32','Hummer');
insert into money_flow_vehicle_makes(id,name) VALUES ('33','Hyundai');
insert into money_flow_vehicle_makes(id,name) VALUES ('34','Infiniti');
insert into money_flow_vehicle_makes(id,name) VALUES ('35','Jaguar');
insert into money_flow_vehicle_makes(id,name) VALUES ('36','Jeep');
insert into money_flow_vehicle_makes(id,name) VALUES ('37','Nissan');
insert into money_flow_vehicle_makes(id,name) VALUES ('38','Volvo');
insert into money_flow_vehicle_makes(id,name) VALUES ('39','Daewoo');
insert into money_flow_vehicle_makes(id,name) VALUES ('40','Fiat');
insert into money_flow_vehicle_makes(id,name) VALUES ('41','MINI');
insert into money_flow_vehicle_makes(id,name) VALUES ('42','Rover');
insert into money_flow_vehicle_makes(id,name) VALUES ('43','Smart');
insert into money_flow_vehicle_makes(id,name) VALUES ('44','Acura');
insert into money_flow_vehicle_makes(id,name) VALUES ('45','Aston Martin');
insert into money_flow_vehicle_makes(id,name) VALUES ('46','Bentley');
insert into money_flow_vehicle_makes(id,name) VALUES ('47','Bugati');
insert into money_flow_vehicle_makes(id,name) VALUES ('48','Buick');
insert into money_flow_vehicle_makes(id,name) VALUES ('49','Cadillac');
insert into money_flow_vehicle_makes(id,name) VALUES ('50','Daihatsu');
insert into money_flow_vehicle_makes(id,name) VALUES ('51','GMC');
insert into money_flow_vehicle_makes(id,name) VALUES ('52','Isuzu');
insert into money_flow_vehicle_makes(id,name) VALUES ('53','Oldsmobile');
insert into money_flow_vehicle_makes(id,name) VALUES ('54','Range Rover');

INSERT INTO mfm_commission_setting (created_by, creation_date, last_modified_by, last_modified_date,scheduler_running_day,commission1st_level_amount,commission2nd_level_amount, commission_setting_id) VALUES ('MONEY_FLOW_MANAGER', current_timestamp, 'MONEY_FLOW_MANAGER', current_timestamp,8, 5,2, 1)


--insert into money_flow_vehicles(vehicle_id,make,model,odo_meter_reading,plate,year,money_flow_id) VALUES ('1','Seat','C-Class','0','DL 5CP 1278','2011',null);
